{
  "model": "RandomForest",
  "n_estimators": 300,
  "inference_time_sec": 0.191,
  "train": {
    "rmse": 10.3233,
    "r2": 0.2969,
    "mae": 8.848,
    "mape": 23.3524
  },
  "test": {
    "rmse": 9.0284,
    "r2": 0.1707,
    "mae": 7.2193,
    "mape": 17.9877
  },
  "test_y_pred": [
    48.41140928441909,
    43.29392913305732,
    35.206583588667556,
    30.55905088847716,
    45.132288804205054,
    28.35691810010218,
    35.64061473410203,
    37.697548504407344,
    48.74726921942403,
    46.258538319213855,
    35.58186308085021,
    31.764158232107125,
    43.71238842282419,
    44.064816667698885,
    45.65833257593528,
    37.11544795525921,
    33.67114599426083,
    35.42668324144866
  ],
  "test_y_true": [
    49.41999816894531,
    50.959999084472656,
    41.189998626708984,
    36.099998474121094,
    45.72999954223633,
    18.84000015258789,
    36.68000030517578,
    43.45000076293945,
    49.810001373291016,
    50.58000183105469,
    56.900001525878906,
    46.060001373291016,
    56.220001220703125,
    51.349998474121094,
    50.810001373291016,
    39.779998779296875,
    46.20000076293945,
    23.719999313354492
  ],
  "train_y_pred": [
    33.35300704576866,
    35.97536409604301,
    34.5979825296132,
    26.80860885811448,
    43.11640162043236,
    41.83053179907086,
    42.020138090933784,
    28.349404791715624,
    46.676724746413015,
    33.81391858936913,
    25.9450251866938,
    32.00540268872429,
    43.18702587497469,
    47.62881579987495,
    47.20331765835319,
    36.18096436698327,
    31.86835748780842,
    37.405406990034365,
    39.394995348926344,
    38.84140426982314,
    36.508686621503365,
    39.79157548683241,
    42.1164178046603,
    39.34818982104846,
    40.128734856199706,
    46.075970703662406,
    30.99285568974242,
    43.24915775255762,
    34.361300372866154,
    44.519967606754676,
    40.07181111607593,
    38.37822013182769,
    45.605994423139336,
    44.400684046928596,
    37.2152801009322,
    30.752296297633862,
    34.93353867822598,
    36.078649444777234,
    30.41628927528133,
    39.839329912084274,
    30.543722856574913,
    33.600569736442125,
    33.79056996774566,
    34.806062061025614,
    38.07006000637674,
    35.466441742403795,
    29.02181617784968,
    43.31533847076947,
    45.18177956032714,
    39.2589919323147,
    37.447236949783964,
    34.2683766048423,
    27.398249336715605,
    34.86262595636003,
    29.47720946284654,
    38.69224525475152,
    33.72834645857911,
    33.357492057149265,
    48.64022129420222,
    39.659012900258055,
    30.719937923911704,
    29.6492866372306,
    36.981830561973716,
    30.694673309601367,
    34.125309073835794,
    46.21404681269915,
    42.6027290190619,
    32.70761780833943,
    34.038847492572565,
    28.89084308583922
  ],
  "train_y_true": [
    24.09000015258789,
    58.11000061035156,
    25.100000381469727,
    31.270000457763672,
    50.959999084472656,
    39.61000061035156,
    50.20000076293945,
    31.40999984741211,
    55.779998779296875,
    24.649999618530273,
    18.760000228881836,
    18.899999618530273,
    57.939998626708984,
    51.72999954223633,
    51.72999954223633,
    42.810001373291016,
    31.5,
    23.90999984741211,
    49.79999923706055,
    58.369998931884766,
    24.829999923706055,
    51.880001068115234,
    54.91999816894531,
    24.829999923706055,
    50.599998474121094,
    49.040000915527344,
    24.459999084472656,
    57.939998626708984,
    43.130001068115234,
    45.369998931884766,
    56.650001525878906,
    41.84000015258789,
    44.869998931884766,
    51.349998474121094,
    41.52000045776367,
    24.389999389648438,
    42.15999984741211,
    24.459999084472656,
    36.38999938964844,
    43.45000076293945,
    42.68000030517578,
    25.299999237060547,
    42.47999954223633,
    23.540000915527344,
    57.08000183105469,
    43.779998779296875,
    36.279998779296875,
    45.0099983215332,
    55.349998474121094,
    49.63999938964844,
    39.900001525878906,
    24.649999618530273,
    24.81999969482422,
    25.020000457763672,
    24.899999618530273,
    57.5099983215332,
    45.86000061035156,
    57.08000183105469,
    50.189998626708984,
    49.400001525878906,
    42.810001373291016,
    24.700000762939453,
    57.5099983215332,
    43.58000183105469,
    43.130001068115234,
    44.650001525878906,
    52.119998931884766,
    24.280000686645508,
    36.97999954223633,
    24.899999618530273
  ],
  "feature_importances": {
    "nitrogen": 0.02895312921906594,
    "phosphorus": 0.020322473010867283,
    "potassium": 0.04404086319075234,
    "soil_ph": 0.048651695355821034,
    "soil_moisture": 0.0425599480196153,
    "avg_temperature": 0.04367136772930448,
    "total_rainfall": 0.07953665048694467,
    "humidity": 0.06016005082885285,
    "nutrient_index": 0.0430296070413508,
    "temperature_deviation": 0.11323468751808334,
    "stress_indicator": 0.0,
    "crop_enc": 0.22348555641031026,
    "season_enc": 0.10053660189756758,
    "district_enc": 0.1390743451614567,
    "irrigation_enc": 0.012743024130007396
  }
}